ANIO,DAMNIFICADO
2016,MOTO
2016,MOTO
2016,MOTO
2016,MOTO
2016,MOTO
2016,MOTO
2016,MOTO
2016,MOTO
2016,MOTO
2016,MOTO
2016,MOTO
2016,MOTO
2016,MOTO
2016,MOTO
2016,MOTO
2016,MOTO
2016,MOTO
2016,MOTO
2016,MOTO
2016,MOTO
2016,MOTO
2016,MOTO
2016,MOTO
2016,MOTO
2016,MOTO
2016,MOTO
2016,MOTO
2016,MOTO
2016,MOTO
2016,MOTO
2016,MOTO
2016,MOTO
2016,MOTO
2016,MOTO
2016,MOTO
2016,MOTO
2016,MOTO
2016,MOTO
2016,MOTO
2016,MOTO
2016,MOTO
2016,MOTO
2016,MOTO
2016,MOTO
2016,MOTO
2016,MOTO
2016,MOTO
2016,MOTO
2016,MOTO
2016,MOTO
2016,MOTO
2016,MOTO
2016,MOTO
2016,MOTO
2016,MOTO
2016,MOTO
2016,MOTO
2016,MOTO
2016,MOTO
2016,MOTO
2016,MOTO
2016,MOTO
2016,MOTO
2017,MOTO
2017,MOTO
2017,MOTO
2017,MOTO
2017,MOTO
2017,MOTO
2017,MOTO
2017,MOTO
2017,MOTO
2017,MOTO
2017,MOTO
2017,MOTO
2017,MOTO
2017,MOTO
2017,MOTO
2017,MOTO
2017,MOTO
2017,MOTO
2017,MOTO
2017,MOTO
2017,MOTO
2017,MOTO
2017,MOTO
2017,MOTO
2017,MOTO
2017,MOTO
2017,MOTO
2017,MOTO
2017,MOTO
2017,MOTO
2017,MOTO
2017,MOTO
2017,MOTO
2017,MOTO
2017,MOTO
2017,MOTO
2017,MOTO
2017,MOTO
2017,MOTO
2017,MOTO
2017,MOTO
2017,MOTO
2017,MOTO
2017,MOTO
2017,MOTO
2017,MOTO
2017,MOTO
2017,MOTO
2017,MOTO
2017,MOTO
2017,MOTO
2017,MOTO
2018,MOTO
2018,MOTO
2018,MOTO
2018,MOTO
2018,MOTO
2018,MOTO
2018,MOTO
2018,MOTO
2018,MOTO
2018,MOTO
2018,MOTO
2018,MOTO
2018,MOTO
2018,MOTO
2018,MOTO
2018,MOTO
2018,MOTO
2018,MOTO
2018,MOTO
2018,MOTO
2018,MOTO
2018,MOTO
2018,MOTO
2018,MOTO
2018,MOTO
2018,MOTO
2018,MOTO
2018,MOTO
2018,MOTO
2018,MOTO
2018,MOTO
2018,MOTO
2018,MOTO
2018,MOTO
2018,MOTO
2018,MOTO
2018,MOTO
2018,MOTO
2018,MOTO
2018,MOTO
2018,MOTO
2018,MOTO
2018,MOTO
2018,MOTO
2018,MOTO
2018,MOTO
2018,MOTO
2018,MOTO
2018,MOTO
2018,MOTO
2018,MOTO
2018,MOTO
2018,MOTO
2018,MOTO
2018,MOTO
2018,MOTO
2018,MOTO
2019,MOTO
2019,MOTO
2019,MOTO
2019,MOTO
2019,MOTO
2019,MOTO
2019,MOTO
2019,MOTO
2019,MOTO
2019,MOTO
2019,MOTO
2019,MOTO
2019,MOTO
2019,MOTO
2019,MOTO
2019,MOTO
2019,MOTO
2019,MOTO
2019,MOTO
2019,MOTO
2019,MOTO
2019,MOTO
2019,MOTO
2019,MOTO
2019,MOTO
2019,MOTO
2019,MOTO
2019,MOTO
2019,MOTO
2019,MOTO
2019,MOTO
2019,MOTO
2019,MOTO
2019,MOTO
2019,MOTO
2019,MOTO
2019,MOTO
2019,MOTO
2019,MOTO
2019,MOTO
2019,MOTO
2019,MOTO
2019,MOTO
2019,MOTO
2019,MOTO
2019,MOTO
2019,MOTO
2019,MOTO
2019,MOTO
2019,MOTO
2020,MOTO
2020,MOTO
2020,MOTO
2020,MOTO
2020,MOTO
2020,MOTO
2020,MOTO
2020,MOTO
2020,MOTO
2020,MOTO
2020,MOTO
2020,MOTO
2020,MOTO
2020,MOTO
2020,MOTO
2020,MOTO
2020,MOTO
2020,MOTO
2020,MOTO
2020,MOTO
2020,MOTO
2020,MOTO
2020,MOTO
2020,MOTO
2020,MOTO
2020,MOTO
2020,MOTO
2020,MOTO
2021,MOTO
2021,MOTO
2021,MOTO
2021,MOTO
2021,MOTO
2021,MOTO
2021,MOTO
2021,MOTO
2021,MOTO
2021,MOTO
2021,MOTO
2021,MOTO
2021,MOTO
2021,MOTO
2021,MOTO
2021,MOTO
2021,MOTO
2021,MOTO
2021,MOTO
2021,MOTO
2021,MOTO
2021,MOTO
2021,MOTO
2021,MOTO
2021,MOTO
2021,MOTO
2021,MOTO
2021,MOTO
2021,MOTO
2021,MOTO
2021,MOTO
2021,MOTO
2021,MOTO
2021,MOTO
2021,MOTO
2021,MOTO
2021,MOTO
2021,MOTO
2021,MOTO
2021,MOTO
2021,MOTO
2021,MOTO
2021,MOTO
2021,MOTO
2021,MOTO
2020,MOTO
